{
    "verzion": "@vtext.com",
    "tmobile" : "@tmomail.net",
    "att" : "@txt.att.net",
    "sprint" : "@messaging.sprintpcs.com",
    "tracfone" : "@mmst5.tracfone.com",
    "metropcs" : "@mymetropcs.com",
    "boostmobile" : "@sms.myboostmobile.com",
    "cricket" : "@sms.cricketwireless.net",
    "googlefi" : "@msg.fi.google.com",
    "virginmobile" : "@vmobl.com",
    "republicwireless" : "@text.republicwireless.com",
    "uscellular" : "@email.uscc.net",
    "ting" : "@message.ting.com"
}